Head coach,ID,Team,Start date
Nate McMillan,ATL,Atlanta Hawks,"March 1, 2021"
Ime Udoka,BOS,Boston Celtics,"June 28, 2021"
Steve Nash,BKN,Brooklyn Nets,"September 3, 2020"
James Borrego,CHA,Charlotte Hornets,"May 10, 2018"
Billy Donovan,CHI,Chicago Bulls,"September 22, 2020"
J. B. Bickerstaff,CLE,Cleveland Cavaliers,"February 19, 2020"
Jason Kidd,DAL,Dallas Mavericks,"June 28, 2021"
Michael Malone,DEN,Denver Nuggets,"June 15, 2015"
Dwane Casey,DET,Detroit Pistons,"June 11, 2018"
Steve Kerr,GSW,Golden State Warriors,"May 19, 2014"
Stephen Silas,HOU,Houston Rockets,"October 30, 2020"
Rick Carlisle,IND,Indiana Pacers,"June 24, 2021"
Tyronn Lue,LAC,Los Angeles Clippers,"October 20, 2020"
Frank Vogel,LAL,Los Angeles Lakers,"May 13, 2019"
Taylor Jenkins,MEM,Memphis Grizzlies,"June 11, 2019"
Erik Spoelstra,MIA,Miami Heat,"April 28, 2008"
Mike Budenholzer,MIL,Milwaukee Bucks,"May 17, 2018"
Chris Finch,MIN,Minnesota Timberwolves,"February 22, 2021"
Willie Green,NOP,New Orleans Pelicans,"July 22, 2021"
Tom Thibodeau,NYK,New York Knicks,"July 30, 2020"
Mark Daigneault,OKC,Oklahoma City Thunder,"November 11, 2020"
Jamahl Mosley,ORL,Orlando Magic,"July 11, 2021"
Doc Rivers,PHI,Philadelphia 76ers,"October 3, 2020"
Monty Williams,PHX,Phoenix Suns,"May 3, 2019"
Chauncey Billups,POR,Portland Trail Blazers,"June 27, 2021"
Luke Walton,SAC,Sacramento Kings,"April 14, 2019"
Gregg Popovich,SAS,San Antonio Spurs,"December 10, 1996"
Nick Nurse,TOR,Toronto Raptors,"June 14, 2018"
Quin Snyder,UTA,Utah Jazz,"June 6, 2014"
Wes Unseld Jr.,WAS,Washington Wizards,"July 17, 2021"
